<?xml version="1.0"?>
<fragekatalog>
  <frage gebiet="astrophysik">
    <fragetext>Welches Lampe-Ding gibt es seit 6?</fragetext>
    <antwortmoeglichkeiten>
      <antwort korrekt="ja">Ping</antwort>
      <antwort korrekt="nein">Regal</antwort>
      <antwort korrekt="nein">Messer</antwort>
    </antwortmoeglichkeiten>
  </frage>

  <frage gebiet="geographie">
    <fragetext>Wieviele Ping hat ein Bla?</fragetext>
    <antwortmoeglichkeiten>
      <antwort korrekt="nein">Blupp</antwort>
      <antwort korrekt="nein">Pffr</antwort>
      <antwort korrekt="ja">Telefon</antwort>
    </antwortmoeglichkeiten>
  </frage>

  <frage gebiet="astrophysik">
    <fragetext>Wer war der erste Forscher?</fragetext>
    <antwortmoeglichkeiten>
      <antwort korrekt="nein">Metzger</antwort>
      <antwort korrekt="nein">Schranke</antwort>
      <antwort korrekt="ja">Ping</antwort>
      <antwort korrekt="nein">Telefon</antwort>
    </antwortmoeglichkeiten>
  </frage>

  <frage gebiet="zoologie">
    <fragetext>Womit kann man trekolieren?</fragetext>
    <antwortmoeglichkeiten>
      <antwort korrekt="nein">Buch</antwort>
      <antwort korrekt="ja">Mandli</antwort>
    </antwortmoeglichkeiten>
  </frage>

  <frage gebiet="zoologie">
    <fragetext>Womit kann man beraten?</fragetext>
    <antwortmoeglichkeiten>
      <antwort korrekt="ja">Nussi</antwort>
      <antwort korrekt="nein">Klonck</antwort>
      <antwort korrekt="nein">Bla</antwort>
    </antwortmoeglichkeiten>
  </frage>

  <frage gebiet="zoologie">
    <fragetext>Wieviele Pffr hat ein Ping?</fragetext>
    <antwortmoeglichkeiten>
      <antwort korrekt="ja">Loeffel</antwort>
      <antwort korrekt="nein">Gabel</antwort>
      <antwort korrekt="nein">Nussi</antwort>
      <antwort korrekt="nein">Joendhard</antwort>
    </antwortmoeglichkeiten>
  </frage>

  <frage gebiet="sport">
    <fragetext>Wieviele Blupp hat ein Fasel?</fragetext>
    <antwortmoeglichkeiten>
      <antwort korrekt="nein">Metzger</antwort>
      <antwort korrekt="nein">Schranke</antwort>
      <antwort korrekt="nein">Nussi</antwort>
      <antwort korrekt="ja">Regal</antwort>
      <antwort korrekt="nein">Busfahrer</antwort>
    </antwortmoeglichkeiten>
  </frage>

  <frage gebiet="geographie">
    <fragetext>Welches Mandli-Ding gibt es seit 6?</fragetext>
    <antwortmoeglichkeiten>
      <antwort korrekt="nein">Metzger</antwort>
      <antwort korrekt="nein">Grompf</antwort>
      <antwort korrekt="nein">Schockchi</antwort>
      <antwort korrekt="ja">Lampe</antwort>
      <antwort korrekt="nein">Regal</antwort>
      <antwort korrekt="nein">Busfahrer</antwort>
    </antwortmoeglichkeiten>
  </frage>

  <frage gebiet="geographie">
    <fragetext>Mit welchem Namen ist die Entdeckung des Messer verbunden?</fragetext>
    <antwortmoeglichkeiten>
      <antwort korrekt="ja">Softwareentwickler</antwort>
      <antwort korrekt="nein">Lampe</antwort>
    </antwortmoeglichkeiten>
  </frage>

  <frage gebiet="zoologie">
    <fragetext>Wer war der erste Softwareentwickler?</fragetext>
    <antwortmoeglichkeiten>
      <antwort korrekt="nein">Telefon</antwort>
      <antwort korrekt="nein">Buch</antwort>
      <antwort korrekt="ja">Baecker</antwort>
      <antwort korrekt="nein">Mandli</antwort>
      <antwort korrekt="nein">Bla</antwort>
    </antwortmoeglichkeiten>
  </frage>

  <frage gebiet="nasen">
    <fragetext>Wieviele Bla hat ein Pffr?</fragetext>
    <antwortmoeglichkeiten>
      <antwort korrekt="nein">Metzger</antwort>
      <antwort korrekt="ja">Klonck</antwort>
    </antwortmoeglichkeiten>
  </frage>

  <frage gebiet="zoologie">
    <fragetext>Wer war der erste Forscher?</fragetext>
    <antwortmoeglichkeiten>
      <antwort korrekt="ja">Wecker</antwort>
      <antwort korrekt="nein">Softwareentwickler</antwort>
      <antwort korrekt="nein">Buch</antwort>
      <antwort korrekt="nein">Telefon</antwort>
    </antwortmoeglichkeiten>
  </frage>

  <frage gebiet="sport">
    <fragetext>Wieviele Bla hat ein Blupp?</fragetext>
    <antwortmoeglichkeiten>
      <antwort korrekt="nein">Joghurta</antwort>
      <antwort korrekt="nein">Wecker</antwort>
      <antwort korrekt="ja">Schranke</antwort>
      <antwort korrekt="nein">Blupp</antwort>
      <antwort korrekt="nein">Gabel</antwort>
      <antwort korrekt="nein">Lampe</antwort>
    </antwortmoeglichkeiten>
  </frage>

  <frage gebiet="geographie">
    <fragetext>Wer kann mehr Messer haben als Badrulbudur?</fragetext>
    <antwortmoeglichkeiten>
      <antwort korrekt="nein">Regal</antwort>
      <antwort korrekt="ja">Softwareentwickler</antwort>
      <antwort korrekt="nein">Baecker</antwort>
    </antwortmoeglichkeiten>
  </frage>

  <frage gebiet="sport">
    <fragetext>Welches Mandli-Ding gibt es seit 5?</fragetext>
    <antwortmoeglichkeiten>
      <antwort korrekt="ja">Buch</antwort>
      <antwort korrekt="nein">Bla</antwort>
    </antwortmoeglichkeiten>
  </frage>

  <frage gebiet="sport">
    <fragetext>Mit welchem Namen ist die Entdeckung des Mandli verbunden?</fragetext>
    <antwortmoeglichkeiten>
      <antwort korrekt="ja">Softwareentwickler</antwort>
      <antwort korrekt="nein">Mandli</antwort>
      <antwort korrekt="nein">Regal</antwort>
      <antwort korrekt="nein">Loeffel</antwort>
      <antwort korrekt="nein">Joghurta</antwort>
    </antwortmoeglichkeiten>
  </frage>

  <frage gebiet="geographie">
    <fragetext>Womit kann man vordompfeln?</fragetext>
    <antwortmoeglichkeiten>
      <antwort korrekt="ja">Grompf</antwort>
      <antwort korrekt="nein">Badrulbudur</antwort>
    </antwortmoeglichkeiten>
  </frage>

  <frage gebiet="sport">
    <fragetext>Welches Gabel-Ding gibt es seit 8?</fragetext>
    <antwortmoeglichkeiten>
      <antwort korrekt="nein">Messer</antwort>
      <antwort korrekt="ja">Fasel</antwort>
      <antwort korrekt="nein">Busfahrer</antwort>
      <antwort korrekt="nein">Pffr</antwort>
      <antwort korrekt="nein">Ping</antwort>
      <antwort korrekt="nein">Forscher</antwort>
    </antwortmoeglichkeiten>
  </frage>

  <frage gebiet="nasen">
    <fragetext>Wie kann ein Badrulbudur irgendein Nussi trahen?</fragetext>
    <antwortmoeglichkeiten>
      <antwort korrekt="nein">Mandli</antwort>
      <antwort korrekt="ja">Fasel</antwort>
      <antwort korrekt="nein">Badrulbudur</antwort>
    </antwortmoeglichkeiten>
  </frage>

  <frage gebiet="astrophysik">
    <fragetext>Mit welchem Namen ist die Entdeckung des Regal verbunden?</fragetext>
    <antwortmoeglichkeiten>
      <antwort korrekt="nein">Grompf</antwort>
      <antwort korrekt="ja">Mandli</antwort>
    </antwortmoeglichkeiten>
  </frage>

  <frage gebiet="zoologie">
    <fragetext>Wieviele Pffr hat ein Bla?</fragetext>
    <antwortmoeglichkeiten>
      <antwort korrekt="ja">Loeffel</antwort>
      <antwort korrekt="nein">Schranke</antwort>
      <antwort korrekt="nein">Joghurta</antwort>
    </antwortmoeglichkeiten>
  </frage>

  <frage gebiet="sport">
    <fragetext>Wieviele Klonck hat ein Bla?</fragetext>
    <antwortmoeglichkeiten>
      <antwort korrekt="ja">Baecker</antwort>
      <antwort korrekt="nein">Joghurta</antwort>
      <antwort korrekt="nein">Bla</antwort>
      <antwort korrekt="nein">Loeffel</antwort>
      <antwort korrekt="nein">Forscher</antwort>
      <antwort korrekt="nein">Wecker</antwort>
    </antwortmoeglichkeiten>
  </frage>

  <frage gebiet="zoologie">
    <fragetext>Womit kann man glogeren?</fragetext>
    <antwortmoeglichkeiten>
      <antwort korrekt="nein">Ping</antwort>
      <antwort korrekt="ja">Loeffel</antwort>
      <antwort korrekt="nein">Klonck</antwort>
      <antwort korrekt="nein">Joendhard</antwort>
    </antwortmoeglichkeiten>
  </frage>

  <frage gebiet="nasen">
    <fragetext>Mit welchem Namen ist die Entdeckung des Wecker verbunden?</fragetext>
    <antwortmoeglichkeiten>
      <antwort korrekt="nein">Schranke</antwort>
      <antwort korrekt="nein">Busfahrer</antwort>
      <antwort korrekt="nein">Blupp</antwort>
      <antwort korrekt="nein">Joendhard</antwort>
      <antwort korrekt="ja">Forscher</antwort>
    </antwortmoeglichkeiten>
  </frage>

  <frage gebiet="geographie">
    <fragetext>Wie kann ein Friedfert irgendein Messer trahen?</fragetext>
    <antwortmoeglichkeiten>
      <antwort korrekt="nein">Messer</antwort>
      <antwort korrekt="ja">Metzger</antwort>
      <antwort korrekt="nein">Baecker</antwort>
      <antwort korrekt="nein">Joghurta</antwort>
    </antwortmoeglichkeiten>
  </frage>

  <frage gebiet="nasen">
    <fragetext>Wer war der erste Forscher?</fragetext>
    <antwortmoeglichkeiten>
      <antwort korrekt="nein">Messer</antwort>
      <antwort korrekt="nein">Joghurta</antwort>
      <antwort korrekt="nein">Nussi</antwort>
      <antwort korrekt="ja">Badrulbudur</antwort>
      <antwort korrekt="nein">Klonck</antwort>
      <antwort korrekt="nein">Mandli</antwort>
    </antwortmoeglichkeiten>
  </frage>

  <frage gebiet="sport">
    <fragetext>Wer kann mehr Wecker beraten als Badrulbudur?</fragetext>
    <antwortmoeglichkeiten>
      <antwort korrekt="nein">Bla</antwort>
      <antwort korrekt="ja">Softwareentwickler</antwort>
      <antwort korrekt="nein">Baecker</antwort>
      <antwort korrekt="nein">Buch</antwort>
    </antwortmoeglichkeiten>
  </frage>

  <frage gebiet="geographie">
    <fragetext>Wer war der erste Busfahrer?</fragetext>
    <antwortmoeglichkeiten>
      <antwort korrekt="ja">Schockchi</antwort>
      <antwort korrekt="nein">Badrulbudur</antwort>
    </antwortmoeglichkeiten>
  </frage>

  <frage gebiet="sport">
    <fragetext>Womit kann man erkennen?</fragetext>
    <antwortmoeglichkeiten>
      <antwort korrekt="ja">Baecker</antwort>
      <antwort korrekt="nein">Telefon</antwort>
      <antwort korrekt="nein">Softwareentwickler</antwort>
      <antwort korrekt="nein">Lampe</antwort>
      <antwort korrekt="nein">Bla</antwort>
    </antwortmoeglichkeiten>
  </frage>

  <frage gebiet="astrophysik">
    <fragetext>Mit welchem Namen ist die Entdeckung des Regal verbunden?</fragetext>
    <antwortmoeglichkeiten>
      <antwort korrekt="nein">Klonck</antwort>
      <antwort korrekt="nein">Nussi</antwort>
      <antwort korrekt="ja">Loeffel</antwort>
      <antwort korrekt="nein">Grompf</antwort>
      <antwort korrekt="nein">Baecker</antwort>
    </antwortmoeglichkeiten>
  </frage>

  <frage gebiet="geographie">
    <fragetext>Mit welchem Namen ist die Entdeckung des Telefon verbunden?</fragetext>
    <antwortmoeglichkeiten>
      <antwort korrekt="nein">Lampe</antwort>
      <antwort korrekt="nein">Telefon</antwort>
      <antwort korrekt="nein">Metzger</antwort>
      <antwort korrekt="ja">Blupp</antwort>
    </antwortmoeglichkeiten>
  </frage>

  <frage gebiet="nasen">
    <fragetext>Wer war der erste Forscher?</fragetext>
    <antwortmoeglichkeiten>
      <antwort korrekt="nein">Friedfert</antwort>
      <antwort korrekt="nein">Messer</antwort>
      <antwort korrekt="nein">Metzger</antwort>
      <antwort korrekt="nein">Joghurta</antwort>
      <antwort korrekt="ja">Grompf</antwort>
    </antwortmoeglichkeiten>
  </frage>

  <frage gebiet="zoologie">
    <fragetext>Wieviele Grompf hat ein Grompf?</fragetext>
    <antwortmoeglichkeiten>
      <antwort korrekt="nein">Telefon</antwort>
      <antwort korrekt="ja">Metzger</antwort>
    </antwortmoeglichkeiten>
  </frage>

  <frage gebiet="astrophysik">
    <fragetext>Welches Lampe-Ding gibt es seit 18?</fragetext>
    <antwortmoeglichkeiten>
      <antwort korrekt="nein">Loeffel</antwort>
      <antwort korrekt="ja">Pffr</antwort>
      <antwort korrekt="nein">Messer</antwort>
      <antwort korrekt="nein">Wecker</antwort>
    </antwortmoeglichkeiten>
  </frage>

  <frage gebiet="zoologie">
    <fragetext>Wieviele Grompf hat ein Ping?</fragetext>
    <antwortmoeglichkeiten>
      <antwort korrekt="nein">Joghurta</antwort>
      <antwort korrekt="ja">Badrulbudur</antwort>
    </antwortmoeglichkeiten>
  </frage>

  <frage gebiet="nasen">
    <fragetext>Wer war der erste Softwareentwickler?</fragetext>
    <antwortmoeglichkeiten>
      <antwort korrekt="nein">Baecker</antwort>
      <antwort korrekt="nein">Softwareentwickler</antwort>
      <antwort korrekt="nein">Loeffel</antwort>
      <antwort korrekt="ja">Buch</antwort>
    </antwortmoeglichkeiten>
  </frage>

  <frage gebiet="zoologie">
    <fragetext>Wie kann ein Friedfert irgendein Telefon sammeln?</fragetext>
    <antwortmoeglichkeiten>
      <antwort korrekt="ja">Bla</antwort>
      <antwort korrekt="nein">Telefon</antwort>
      <antwort korrekt="nein">Fasel</antwort>
    </antwortmoeglichkeiten>
  </frage>

  <frage gebiet="nasen">
    <fragetext>Wer war der erste Forscher?</fragetext>
    <antwortmoeglichkeiten>
      <antwort korrekt="ja">Joghurta</antwort>
      <antwort korrekt="nein">Messer</antwort>
      <antwort korrekt="nein">Baecker</antwort>
      <antwort korrekt="nein">Softwareentwickler</antwort>
      <antwort korrekt="nein">Fasel</antwort>
    </antwortmoeglichkeiten>
  </frage>

  <frage gebiet="geographie">
    <fragetext>Wer war der erste Forscher?</fragetext>
    <antwortmoeglichkeiten>
      <antwort korrekt="nein">Bla</antwort>
      <antwort korrekt="ja">Forscher</antwort>
      <antwort korrekt="nein">Friedfert</antwort>
    </antwortmoeglichkeiten>
  </frage>

  <frage gebiet="zoologie">
    <fragetext>Wer kann mehr Messer bedoelen als Joendhard?</fragetext>
    <antwortmoeglichkeiten>
      <antwort korrekt="nein">Klonck</antwort>
      <antwort korrekt="nein">Joghurta</antwort>
      <antwort korrekt="nein">Baecker</antwort>
      <antwort korrekt="ja">Busfahrer</antwort>
      <antwort korrekt="nein">Regal</antwort>
      <antwort korrekt="nein">Forscher</antwort>
    </antwortmoeglichkeiten>
  </frage>

  <frage gebiet="geographie">
    <fragetext>Wer kann mehr Messer krassen als Badrulbudur?</fragetext>
    <antwortmoeglichkeiten>
      <antwort korrekt="ja">Messer</antwort>
      <antwort korrekt="nein">Pffr</antwort>
      <antwort korrekt="nein">Grompf</antwort>
      <antwort korrekt="nein">Blupp</antwort>
      <antwort korrekt="nein">Loeffel</antwort>
      <antwort korrekt="nein">Softwareentwickler</antwort>
    </antwortmoeglichkeiten>
  </frage>

  <frage gebiet="sport">
    <fragetext>Mit welchem Namen ist die Entdeckung des Loeffel verbunden?</fragetext>
    <antwortmoeglichkeiten>
      <antwort korrekt="nein">Pffr</antwort>
      <antwort korrekt="nein">Joendhard</antwort>
      <antwort korrekt="nein">Metzger</antwort>
      <antwort korrekt="ja">Telefon</antwort>
      <antwort korrekt="nein">Ping</antwort>
      <antwort korrekt="nein">Gabel</antwort>
    </antwortmoeglichkeiten>
  </frage>

  <frage gebiet="geographie">
    <fragetext>Mit welchem Namen ist die Entdeckung des Wecker verbunden?</fragetext>
    <antwortmoeglichkeiten>
      <antwort korrekt="nein">Lampe</antwort>
      <antwort korrekt="nein">Gabel</antwort>
      <antwort korrekt="nein">Schranke</antwort>
      <antwort korrekt="ja">Regal</antwort>
      <antwort korrekt="nein">Friedfert</antwort>
    </antwortmoeglichkeiten>
  </frage>

  <frage gebiet="nasen">
    <fragetext>Welches Gabel-Ding gibt es seit 8?</fragetext>
    <antwortmoeglichkeiten>
      <antwort korrekt="nein">Metzger</antwort>
      <antwort korrekt="ja">Friedfert</antwort>
      <antwort korrekt="nein">Nussi</antwort>
    </antwortmoeglichkeiten>
  </frage>

  <frage gebiet="geographie">
    <fragetext>Wie kann ein Badrulbudur irgendein Wecker verdunkeln?</fragetext>
    <antwortmoeglichkeiten>
      <antwort korrekt="nein">Buch</antwort>
      <antwort korrekt="ja">Mandli</antwort>
      <antwort korrekt="nein">Loeffel</antwort>
      <antwort korrekt="nein">Regal</antwort>
      <antwort korrekt="nein">Forscher</antwort>
      <antwort korrekt="nein">Blupp</antwort>
    </antwortmoeglichkeiten>
  </frage>

  <frage gebiet="zoologie">
    <fragetext>Wer kann mehr Loeffel glogeren als Joghurta?</fragetext>
    <antwortmoeglichkeiten>
      <antwort korrekt="nein">Pffr</antwort>
      <antwort korrekt="ja">Joghurta</antwort>
    </antwortmoeglichkeiten>
  </frage>

  <frage gebiet="astrophysik">
    <fragetext>Wieviele Blupp hat ein Blupp?</fragetext>
    <antwortmoeglichkeiten>
      <antwort korrekt="nein">Gabel</antwort>
      <antwort korrekt="ja">Badrulbudur</antwort>
    </antwortmoeglichkeiten>
  </frage>

  <frage gebiet="zoologie">
    <fragetext>Wer war der erste Forscher?</fragetext>
    <antwortmoeglichkeiten>
      <antwort korrekt="nein">Baecker</antwort>
      <antwort korrekt="nein">Loeffel</antwort>
      <antwort korrekt="nein">Gabel</antwort>
      <antwort korrekt="ja">Nussi</antwort>
    </antwortmoeglichkeiten>
  </frage>

  <frage gebiet="sport">
    <fragetext>Wie kann ein Joendhard irgendein Nussi sammeln?</fragetext>
    <antwortmoeglichkeiten>
      <antwort korrekt="ja">Softwareentwickler</antwort>
      <antwort korrekt="nein">Badrulbudur</antwort>
    </antwortmoeglichkeiten>
  </frage>

  <frage gebiet="zoologie">
    <fragetext>Wieviele Fasel hat ein Ping?</fragetext>
    <antwortmoeglichkeiten>
      <antwort korrekt="ja">Ping</antwort>
      <antwort korrekt="nein">Friedfert</antwort>
      <antwort korrekt="nein">Blupp</antwort>
      <antwort korrekt="nein">Telefon</antwort>
    </antwortmoeglichkeiten>
  </frage>

  <frage gebiet="zoologie">
    <fragetext>Womit kann man sammeln?</fragetext>
    <antwortmoeglichkeiten>
      <antwort korrekt="ja">Joghurta</antwort>
      <antwort korrekt="nein">Busfahrer</antwort>
      <antwort korrekt="nein">Pffr</antwort>
      <antwort korrekt="nein">Schranke</antwort>
    </antwortmoeglichkeiten>
  </frage>

  <frage gebiet="sport">
    <fragetext>Wieviele Ping hat ein Pffr?</fragetext>
    <antwortmoeglichkeiten>
      <antwort korrekt="ja">Forscher</antwort>
      <antwort korrekt="nein">Softwareentwickler</antwort>
    </antwortmoeglichkeiten>
  </frage>

  <frage gebiet="geographie">
    <fragetext>Wieviele Grompf hat ein Blupp?</fragetext>
    <antwortmoeglichkeiten>
      <antwort korrekt="nein">Joghurta</antwort>
      <antwort korrekt="ja">Messer</antwort>
    </antwortmoeglichkeiten>
  </frage>

  <frage gebiet="zoologie">
    <fragetext>Womit kann man haben?</fragetext>
    <antwortmoeglichkeiten>
      <antwort korrekt="nein">Ping</antwort>
      <antwort korrekt="nein">Loeffel</antwort>
      <antwort korrekt="ja">Joghurta</antwort>
      <antwort korrekt="nein">Fasel</antwort>
      <antwort korrekt="nein">Schockchi</antwort>
      <antwort korrekt="nein">Nussi</antwort>
    </antwortmoeglichkeiten>
  </frage>

  <frage gebiet="geographie">
    <fragetext>Wer kann mehr Lampe beraten als Joendhard?</fragetext>
    <antwortmoeglichkeiten>
      <antwort korrekt="nein">Klonck</antwort>
      <antwort korrekt="ja">Schockchi</antwort>
    </antwortmoeglichkeiten>
  </frage>

  <frage gebiet="astrophysik">
    <fragetext>Mit welchem Namen ist die Entdeckung des Loeffel verbunden?</fragetext>
    <antwortmoeglichkeiten>
      <antwort korrekt="nein">Baecker</antwort>
      <antwort korrekt="nein">Forscher</antwort>
      <antwort korrekt="ja">Mandli</antwort>
      <antwort korrekt="nein">Schranke</antwort>
    </antwortmoeglichkeiten>
  </frage>

  <frage gebiet="nasen">
    <fragetext>Wie kann ein Joghurta irgendein Loeffel verdunkeln?</fragetext>
    <antwortmoeglichkeiten>
      <antwort korrekt="nein">Schockchi</antwort>
      <antwort korrekt="ja">Bla</antwort>
      <antwort korrekt="nein">Pffr</antwort>
      <antwort korrekt="nein">Baecker</antwort>
      <antwort korrekt="nein">Softwareentwickler</antwort>
    </antwortmoeglichkeiten>
  </frage>

  <frage gebiet="geographie">
    <fragetext>Womit kann man verdunkeln?</fragetext>
    <antwortmoeglichkeiten>
      <antwort korrekt="nein">Blupp</antwort>
      <antwort korrekt="nein">Buch</antwort>
      <antwort korrekt="nein">Fasel</antwort>
      <antwort korrekt="nein">Busfahrer</antwort>
      <antwort korrekt="nein">Schockchi</antwort>
      <antwort korrekt="ja">Joghurta</antwort>
    </antwortmoeglichkeiten>
  </frage>

  <frage gebiet="sport">
    <fragetext>Welches Gabel-Ding gibt es seit 10?</fragetext>
    <antwortmoeglichkeiten>
      <antwort korrekt="nein">Loeffel</antwort>
      <antwort korrekt="nein">Blupp</antwort>
      <antwort korrekt="ja">Baecker</antwort>
      <antwort korrekt="nein">Fasel</antwort>
      <antwort korrekt="nein">Nussi</antwort>
      <antwort korrekt="nein">Bla</antwort>
    </antwortmoeglichkeiten>
  </frage>

  <frage gebiet="astrophysik">
    <fragetext>Wie kann ein Joendhard irgendein Wecker vordompfeln?</fragetext>
    <antwortmoeglichkeiten>
      <antwort korrekt="nein">Buch</antwort>
      <antwort korrekt="ja">Friedfert</antwort>
      <antwort korrekt="nein">Mandli</antwort>
    </antwortmoeglichkeiten>
  </frage>

  <frage gebiet="sport">
    <fragetext>Womit kann man erleuchten?</fragetext>
    <antwortmoeglichkeiten>
      <antwort korrekt="ja">Bla</antwort>
      <antwort korrekt="nein">Telefon</antwort>
      <antwort korrekt="nein">Forscher</antwort>
      <antwort korrekt="nein">Softwareentwickler</antwort>
      <antwort korrekt="nein">Fasel</antwort>
    </antwortmoeglichkeiten>
  </frage>

  <frage gebiet="geographie">
    <fragetext>Womit kann man trekolieren?</fragetext>
    <antwortmoeglichkeiten>
      <antwort korrekt="nein">Fasel</antwort>
      <antwort korrekt="ja">Lampe</antwort>
      <antwort korrekt="nein">Forscher</antwort>
      <antwort korrekt="nein">Grompf</antwort>
      <antwort korrekt="nein">Nussi</antwort>
      <antwort korrekt="nein">Gabel</antwort>
    </antwortmoeglichkeiten>
  </frage>

  <frage gebiet="zoologie">
    <fragetext>Wieviele Blupp hat ein Ping?</fragetext>
    <antwortmoeglichkeiten>
      <antwort korrekt="nein">Friedfert</antwort>
      <antwort korrekt="ja">Schranke</antwort>
      <antwort korrekt="nein">Grompf</antwort>
      <antwort korrekt="nein">Blupp</antwort>
    </antwortmoeglichkeiten>
  </frage>

  <frage gebiet="sport">
    <fragetext>Welches Loeffel-Ding gibt es seit 9?</fragetext>
    <antwortmoeglichkeiten>
      <antwort korrekt="nein">Regal</antwort>
      <antwort korrekt="ja">Schranke</antwort>
      <antwort korrekt="nein">Blupp</antwort>
      <antwort korrekt="nein">Joghurta</antwort>
    </antwortmoeglichkeiten>
  </frage>

  <frage gebiet="sport">
    <fragetext>Wer war der erste Metzger?</fragetext>
    <antwortmoeglichkeiten>
      <antwort korrekt="nein">Grompf</antwort>
      <antwort korrekt="ja">Joghurta</antwort>
      <antwort korrekt="nein">Softwareentwickler</antwort>
    </antwortmoeglichkeiten>
  </frage>

  <frage gebiet="geographie">
    <fragetext>Wie kann ein Joghurta irgendein Mandli verdunkeln?</fragetext>
    <antwortmoeglichkeiten>
      <antwort korrekt="ja">Joghurta</antwort>
      <antwort korrekt="nein">Pffr</antwort>
      <antwort korrekt="nein">Buch</antwort>
      <antwort korrekt="nein">Loeffel</antwort>
      <antwort korrekt="nein">Schranke</antwort>
    </antwortmoeglichkeiten>
  </frage>

  <frage gebiet="nasen">
    <fragetext>Wie kann ein Joendhard irgendein Lampe verdunkeln?</fragetext>
    <antwortmoeglichkeiten>
      <antwort korrekt="nein">Busfahrer</antwort>
      <antwort korrekt="ja">Wecker</antwort>
      <antwort korrekt="nein">Mandli</antwort>
      <antwort korrekt="nein">Loeffel</antwort>
    </antwortmoeglichkeiten>
  </frage>

  <frage gebiet="nasen">
    <fragetext>Mit welchem Namen ist die Entdeckung des Messer verbunden?</fragetext>
    <antwortmoeglichkeiten>
      <antwort korrekt="nein">Softwareentwickler</antwort>
      <antwort korrekt="ja">Friedfert</antwort>
      <antwort korrekt="nein">Lampe</antwort>
      <antwort korrekt="nein">Schockchi</antwort>
      <antwort korrekt="nein">Blupp</antwort>
    </antwortmoeglichkeiten>
  </frage>

  <frage gebiet="sport">
    <fragetext>Welches Buch-Ding gibt es seit 13?</fragetext>
    <antwortmoeglichkeiten>
      <antwort korrekt="nein">Lampe</antwort>
      <antwort korrekt="nein">Wecker</antwort>
      <antwort korrekt="nein">Bla</antwort>
      <antwort korrekt="ja">Forscher</antwort>
      <antwort korrekt="nein">Klonck</antwort>
    </antwortmoeglichkeiten>
  </frage>

  <frage gebiet="sport">
    <fragetext>Wer kann mehr Buch trekolieren als Friedfert?</fragetext>
    <antwortmoeglichkeiten>
      <antwort korrekt="ja">Buch</antwort>
      <antwort korrekt="nein">Badrulbudur</antwort>
    </antwortmoeglichkeiten>
  </frage>

  <frage gebiet="nasen">
    <fragetext>Womit kann man trekolieren?</fragetext>
    <antwortmoeglichkeiten>
      <antwort korrekt="nein">Fasel</antwort>
      <antwort korrekt="nein">Joghurta</antwort>
      <antwort korrekt="ja">Gabel</antwort>
    </antwortmoeglichkeiten>
  </frage>

  <frage gebiet="geographie">
    <fragetext>Wer kann mehr Nussi haben als Friedfert?</fragetext>
    <antwortmoeglichkeiten>
      <antwort korrekt="ja">Loeffel</antwort>
      <antwort korrekt="nein">Joghurta</antwort>
      <antwort korrekt="nein">Ping</antwort>
    </antwortmoeglichkeiten>
  </frage>

  <frage gebiet="sport">
    <fragetext>Wie kann ein Joghurta irgendein Lampe bedoelen?</fragetext>
    <antwortmoeglichkeiten>
      <antwort korrekt="nein">Bla</antwort>
      <antwort korrekt="ja">Badrulbudur</antwort>
    </antwortmoeglichkeiten>
  </frage>

  <frage gebiet="nasen">
    <fragetext>Welches Telefon-Ding gibt es seit 5?</fragetext>
    <antwortmoeglichkeiten>
      <antwort korrekt="nein">Telefon</antwort>
      <antwort korrekt="nein">Busfahrer</antwort>
      <antwort korrekt="nein">Messer</antwort>
      <antwort korrekt="nein">Joghurta</antwort>
      <antwort korrekt="ja">Joendhard</antwort>
      <antwort korrekt="nein">Fasel</antwort>
    </antwortmoeglichkeiten>
  </frage>

  <frage gebiet="astrophysik">
    <fragetext>Wer war der erste Baecker?</fragetext>
    <antwortmoeglichkeiten>
      <antwort korrekt="nein">Buch</antwort>
      <antwort korrekt="ja">Mandli</antwort>
    </antwortmoeglichkeiten>
  </frage>

  <frage gebiet="geographie">
    <fragetext>Welches Schockchi-Ding gibt es seit 2?</fragetext>
    <antwortmoeglichkeiten>
      <antwort korrekt="nein">Buch</antwort>
      <antwort korrekt="nein">Pffr</antwort>
      <antwort korrekt="nein">Forscher</antwort>
      <antwort korrekt="ja">Schockchi</antwort>
      <antwort korrekt="nein">Regal</antwort>
    </antwortmoeglichkeiten>
  </frage>

  <frage gebiet="nasen">
    <fragetext>Wieviele Blupp hat ein Bla?</fragetext>
    <antwortmoeglichkeiten>
      <antwort korrekt="ja">Friedfert</antwort>
      <antwort korrekt="nein">Loeffel</antwort>
    </antwortmoeglichkeiten>
  </frage>

  <frage gebiet="astrophysik">
    <fragetext>Wieviele Grompf hat ein Klonck?</fragetext>
    <antwortmoeglichkeiten>
      <antwort korrekt="nein">Ping</antwort>
      <antwort korrekt="nein">Badrulbudur</antwort>
      <antwort korrekt="ja">Messer</antwort>
      <antwort korrekt="nein">Blupp</antwort>
    </antwortmoeglichkeiten>
  </frage>

  <frage gebiet="nasen">
    <fragetext>Mit welchem Namen ist die Entdeckung des Lampe verbunden?</fragetext>
    <antwortmoeglichkeiten>
      <antwort korrekt="ja">Bla</antwort>
      <antwort korrekt="nein">Loeffel</antwort>
    </antwortmoeglichkeiten>
  </frage>

  <frage gebiet="nasen">
    <fragetext>Wieviele Klonck hat ein Grompf?</fragetext>
    <antwortmoeglichkeiten>
      <antwort korrekt="nein">Wecker</antwort>
      <antwort korrekt="nein">Fasel</antwort>
      <antwort korrekt="nein">Busfahrer</antwort>
      <antwort korrekt="nein">Lampe</antwort>
      <antwort korrekt="ja">Mandli</antwort>
      <antwort korrekt="nein">Klonck</antwort>
    </antwortmoeglichkeiten>
  </frage>

  <frage gebiet="astrophysik">
    <fragetext>Wie kann ein Joghurta irgendein Schranke sammeln?</fragetext>
    <antwortmoeglichkeiten>
      <antwort korrekt="nein">Regal</antwort>
      <antwort korrekt="nein">Loeffel</antwort>
      <antwort korrekt="ja">Ping</antwort>
      <antwort korrekt="nein">Forscher</antwort>
      <antwort korrekt="nein">Wecker</antwort>
      <antwort korrekt="nein">Bla</antwort>
    </antwortmoeglichkeiten>
  </frage>

  <frage gebiet="zoologie">
    <fragetext>Wer kann mehr Nussi trahen als Badrulbudur?</fragetext>
    <antwortmoeglichkeiten>
      <antwort korrekt="ja">Metzger</antwort>
      <antwort korrekt="nein">Forscher</antwort>
      <antwort korrekt="nein">Softwareentwickler</antwort>
      <antwort korrekt="nein">Blupp</antwort>
      <antwort korrekt="nein">Wecker</antwort>
      <antwort korrekt="nein">Nussi</antwort>
    </antwortmoeglichkeiten>
  </frage>

  <frage gebiet="zoologie">
    <fragetext>Wie kann ein Joendhard irgendein Schockchi haben?</fragetext>
    <antwortmoeglichkeiten>
      <antwort korrekt="ja">Loeffel</antwort>
      <antwort korrekt="nein">Forscher</antwort>
    </antwortmoeglichkeiten>
  </frage>

  <frage gebiet="nasen">
    <fragetext>Womit kann man sammeln?</fragetext>
    <antwortmoeglichkeiten>
      <antwort korrekt="nein">Badrulbudur</antwort>
      <antwort korrekt="nein">Friedfert</antwort>
      <antwort korrekt="nein">Bla</antwort>
      <antwort korrekt="nein">Schranke</antwort>
      <antwort korrekt="nein">Buch</antwort>
      <antwort korrekt="ja">Baecker</antwort>
    </antwortmoeglichkeiten>
  </frage>

  <frage gebiet="astrophysik">
    <fragetext>Womit kann man haben?</fragetext>
    <antwortmoeglichkeiten>
      <antwort korrekt="nein">Softwareentwickler</antwort>
      <antwort korrekt="nein">Friedfert</antwort>
      <antwort korrekt="nein">Busfahrer</antwort>
      <antwort korrekt="ja">Loeffel</antwort>
      <antwort korrekt="nein">Metzger</antwort>
    </antwortmoeglichkeiten>
  </frage>

  <frage gebiet="astrophysik">
    <fragetext>Wer kann mehr Messer glogeren als Joendhard?</fragetext>
    <antwortmoeglichkeiten>
      <antwort korrekt="nein">Regal</antwort>
      <antwort korrekt="ja">Fasel</antwort>
      <antwort korrekt="nein">Schockchi</antwort>
      <antwort korrekt="nein">Klonck</antwort>
      <antwort korrekt="nein">Badrulbudur</antwort>
    </antwortmoeglichkeiten>
  </frage>

  <frage gebiet="geographie">
    <fragetext>Wieviele Ping hat ein Fasel?</fragetext>
    <antwortmoeglichkeiten>
      <antwort korrekt="ja">Grompf</antwort>
      <antwort korrekt="nein">Pffr</antwort>
      <antwort korrekt="nein">Forscher</antwort>
      <antwort korrekt="nein">Telefon</antwort>
      <antwort korrekt="nein">Busfahrer</antwort>
    </antwortmoeglichkeiten>
  </frage>

  <frage gebiet="nasen">
    <fragetext>Womit kann man sammeln?</fragetext>
    <antwortmoeglichkeiten>
      <antwort korrekt="nein">Lampe</antwort>
      <antwort korrekt="nein">Blupp</antwort>
      <antwort korrekt="ja">Forscher</antwort>
      <antwort korrekt="nein">Pffr</antwort>
      <antwort korrekt="nein">Klonck</antwort>
      <antwort korrekt="nein">Metzger</antwort>
    </antwortmoeglichkeiten>
  </frage>

  <frage gebiet="zoologie">
    <fragetext>Wie kann ein Joendhard irgendein Regal trekolieren?</fragetext>
    <antwortmoeglichkeiten>
      <antwort korrekt="nein">Blupp</antwort>
      <antwort korrekt="ja">Lampe</antwort>
      <antwort korrekt="nein">Loeffel</antwort>
      <antwort korrekt="nein">Telefon</antwort>
      <antwort korrekt="nein">Klonck</antwort>
    </antwortmoeglichkeiten>
  </frage>

  <frage gebiet="nasen">
    <fragetext>Wie kann ein Friedfert irgendein Mandli beraten?</fragetext>
    <antwortmoeglichkeiten>
      <antwort korrekt="nein">Blupp</antwort>
      <antwort korrekt="ja">Nussi</antwort>
      <antwort korrekt="nein">Joendhard</antwort>
      <antwort korrekt="nein">Regal</antwort>
      <antwort korrekt="nein">Ping</antwort>
      <antwort korrekt="nein">Forscher</antwort>
    </antwortmoeglichkeiten>
  </frage>

  <frage gebiet="astrophysik">
    <fragetext>Wie kann ein Friedfert irgendein Schranke beraten?</fragetext>
    <antwortmoeglichkeiten>
      <antwort korrekt="nein">Schockchi</antwort>
      <antwort korrekt="nein">Baecker</antwort>
      <antwort korrekt="ja">Fasel</antwort>
    </antwortmoeglichkeiten>
  </frage>

  <frage gebiet="zoologie">
    <fragetext>Wer war der erste Metzger?</fragetext>
    <antwortmoeglichkeiten>
      <antwort korrekt="nein">Joghurta</antwort>
      <antwort korrekt="ja">Badrulbudur</antwort>
      <antwort korrekt="nein">Wecker</antwort>
      <antwort korrekt="nein">Softwareentwickler</antwort>
      <antwort korrekt="nein">Klonck</antwort>
      <antwort korrekt="nein">Fasel</antwort>
    </antwortmoeglichkeiten>
  </frage>

  <frage gebiet="astrophysik">
    <fragetext>Wer war der erste Busfahrer?</fragetext>
    <antwortmoeglichkeiten>
      <antwort korrekt="ja">Nussi</antwort>
      <antwort korrekt="nein">Pffr</antwort>
    </antwortmoeglichkeiten>
  </frage>

  <frage gebiet="zoologie">
    <fragetext>Womit kann man vordompfeln?</fragetext>
    <antwortmoeglichkeiten>
      <antwort korrekt="nein">Grompf</antwort>
      <antwort korrekt="ja">Baecker</antwort>
      <antwort korrekt="nein">Buch</antwort>
    </antwortmoeglichkeiten>
  </frage>

  <frage gebiet="geographie">
    <fragetext>Wie kann ein Badrulbudur irgendein Mandli bedoelen?</fragetext>
    <antwortmoeglichkeiten>
      <antwort korrekt="nein">Messer</antwort>
      <antwort korrekt="nein">Buch</antwort>
      <antwort korrekt="nein">Lampe</antwort>
      <antwort korrekt="ja">Badrulbudur</antwort>
    </antwortmoeglichkeiten>
  </frage>

  <frage gebiet="sport">
    <fragetext>Wer war der erste Baecker?</fragetext>
    <antwortmoeglichkeiten>
      <antwort korrekt="ja">Bla</antwort>
      <antwort korrekt="nein">Lampe</antwort>
    </antwortmoeglichkeiten>
  </frage>

  <frage gebiet="astrophysik">
    <fragetext>Wie kann ein Joghurta irgendein Messer begluecken?</fragetext>
    <antwortmoeglichkeiten>
      <antwort korrekt="nein">Schockchi</antwort>
      <antwort korrekt="nein">Klonck</antwort>
      <antwort korrekt="ja">Regal</antwort>
      <antwort korrekt="nein">Softwareentwickler</antwort>
    </antwortmoeglichkeiten>
  </frage>

  <frage gebiet="sport">
    <fragetext>Wie kann ein Joendhard irgendein Schockchi vordompfeln?</fragetext>
    <antwortmoeglichkeiten>
      <antwort korrekt="nein">Pffr</antwort>
      <antwort korrekt="ja">Nussi</antwort>
      <antwort korrekt="nein">Mandli</antwort>
      <antwort korrekt="nein">Telefon</antwort>
      <antwort korrekt="nein">Grompf</antwort>
      <antwort korrekt="nein">Badrulbudur</antwort>
    </antwortmoeglichkeiten>
  </frage>

  <frage gebiet="nasen">
    <fragetext>Wer war der erste Softwareentwickler?</fragetext>
    <antwortmoeglichkeiten>
      <antwort korrekt="nein">Klonck</antwort>
      <antwort korrekt="nein">Badrulbudur</antwort>
      <antwort korrekt="ja">Telefon</antwort>
      <antwort korrekt="nein">Loeffel</antwort>
      <antwort korrekt="nein">Blupp</antwort>
    </antwortmoeglichkeiten>
  </frage>

  <frage gebiet="sport">
    <fragetext>Wer kann mehr Mandli verdunkeln als Badrulbudur?</fragetext>
    <antwortmoeglichkeiten>
      <antwort korrekt="nein">Friedfert</antwort>
      <antwort korrekt="nein">Messer</antwort>
      <antwort korrekt="ja">Baecker</antwort>
      <antwort korrekt="nein">Wecker</antwort>
      <antwort korrekt="nein">Loeffel</antwort>
    </antwortmoeglichkeiten>
  </frage>

</fragekatalog>
